F:\PythonProject\深度学习实践\resnet\data\train\African\af_tr323.jpg,0
F:\PythonProject\深度学习实践\resnet\data\train\Asian\as_tr199.jpg,1
F:\PythonProject\深度学习实践\resnet\data\train\African\af_tr139.jpg,0
F:\PythonProject\深度学习实践\resnet\data\train\Asian\as_tr386.jpg,1
F:\PythonProject\深度学习实践\resnet\data\train\Asian\as_tr207.jpg,1
F:\PythonProject\深度学习实践\resnet\data\train\Asian\as_tr355.jpg,1
F:\PythonProject\深度学习实践\resnet\data\train\African\af_tr7.jpg,0
F:\PythonProject\深度学习实践\resnet\data\train\Asian\as_tr310.jpg,1
F:\PythonProject\深度学习实践\resnet\data\train\Asian\as_tr297.jpg,1
F:\PythonProject\深度学习实践\resnet\data\train\Asian\as_tr265.jpg,1
F:\PythonProject\深度学习实践\resnet\data\train\Asian\as_tr327.jpg,1
F:\PythonProject\深度学习实践\resnet\data\train\Asian\as_tr315.jpg,1
F:\PythonProject\深度学习实践\resnet\data\train\African\af_tr390.jpg,0
F:\PythonProject\深度学习实践\resnet\data\train\Asian\as_tr138.jpg,1
F:\PythonProject\深度学习实践\resnet\data\train\Asian\as_tr149.jpg,1
F:\PythonProject\深度学习实践\resnet\data\train\African\af_tr28.jpg,0
F:\PythonProject\深度学习实践\resnet\data\train\African\af_tr282.jpg,0
F:\PythonProject\深度学习实践\resnet\data\train\African\af_tr193.jpg,0
F:\PythonProject\深度学习实践\resnet\data\train\Asian\as_tr6.jpg,1
F:\PythonProject\深度学习实践\resnet\data\train\Asian\as_tr35.jpg,1
F:\PythonProject\深度学习实践\resnet\data\train\African\af_tr377.jpg,0
F:\PythonProject\深度学习实践\resnet\data\train\African\af_tr322.jpg,0
F:\PythonProject\深度学习实践\resnet\data\train\African\af_tr201.jpg,0
F:\PythonProject\深度学习实践\resnet\data\train\Asian\as_tr345.jpg,1
F:\PythonProject\深度学习实践\resnet\data\train\African\af_tr203.jpg,0
F:\PythonProject\深度学习实践\resnet\data\train\African\af_tr176.jpg,0
F:\PythonProject\深度学习实践\resnet\data\train\Asian\as_tr216.jpg,1
F:\PythonProject\深度学习实践\resnet\data\train\Asian\as_tr324.jpg,1
F:\PythonProject\深度学习实践\resnet\data\train\African\af_tr179.jpg,0
F:\PythonProject\深度学习实践\resnet\data\train\Asian\as_tr170.jpg,1
F:\PythonProject\深度学习实践\resnet\data\train\Asian\as_tr63.jpg,1
F:\PythonProject\深度学习实践\resnet\data\train\Asian\as_tr349.jpg,1
F:\PythonProject\深度学习实践\resnet\data\train\Asian\as_tr223.jpg,1
F:\PythonProject\深度学习实践\resnet\data\train\African\af_tr122.jpg,0
F:\PythonProject\深度学习实践\resnet\data\train\African\af_tr238.jpg,0
F:\PythonProject\深度学习实践\resnet\data\train\Asian\as_tr36.jpg,1
F:\PythonProject\深度学习实践\resnet\data\train\Asian\as_tr298.jpg,1
F:\PythonProject\深度学习实践\resnet\data\train\Asian\as_tr387.jpg,1
F:\PythonProject\深度学习实践\resnet\data\train\Asian\as_tr283.jpg,1
F:\PythonProject\深度学习实践\resnet\data\train\African\af_tr407.jpg,0
F:\PythonProject\深度学习实践\resnet\data\train\Asian\as_tr248.jpg,1
F:\PythonProject\深度学习实践\resnet\data\train\Asian\as_tr90.jpg,1
F:\PythonProject\深度学习实践\resnet\data\train\Asian\as_tr12.jpg,1
F:\PythonProject\深度学习实践\resnet\data\train\African\af_tr116.jpg,0
F:\PythonProject\深度学习实践\resnet\data\train\African\af_tr225.jpg,0
F:\PythonProject\深度学习实践\resnet\data\train\African\af_tr325.jpg,0
F:\PythonProject\深度学习实践\resnet\data\train\Asian\as_tr285.jpg,1
F:\PythonProject\深度学习实践\resnet\data\train\Asian\as_tr362.jpg,1
F:\PythonProject\深度学习实践\resnet\data\train\Asian\as_tr193.jpg,1
F:\PythonProject\深度学习实践\resnet\data\train\African\af_tr25.jpg,0
F:\PythonProject\深度学习实践\resnet\data\train\Asian\as_tr253.jpg,1
F:\PythonProject\深度学习实践\resnet\data\train\African\af_tr93.jpg,0
F:\PythonProject\深度学习实践\resnet\data\train\African\af_tr59.jpg,0
F:\PythonProject\深度学习实践\resnet\data\train\Asian\as_tr110.jpg,1
F:\PythonProject\深度学习实践\resnet\data\train\African\af_tr243.jpg,0
F:\PythonProject\深度学习实践\resnet\data\train\African\af_tr415.jpg,0
F:\PythonProject\深度学习实践\resnet\data\train\African\af_tr170.jpg,0
F:\PythonProject\深度学习实践\resnet\data\train\African\af_tr92.jpg,0
F:\PythonProject\深度学习实践\resnet\data\train\African\af_tr47.jpg,0
F:\PythonProject\深度学习实践\resnet\data\train\African\af_tr304.jpg,0
F:\PythonProject\深度学习实践\resnet\data\train\African\af_tr169.jpg,0
F:\PythonProject\深度学习实践\resnet\data\train\Asian\as_tr40.jpg,1
F:\PythonProject\深度学习实践\resnet\data\train\African\af_tr199.jpg,0
F:\PythonProject\深度学习实践\resnet\data\train\Asian\as_tr84.jpg,1
F:\PythonProject\深度学习实践\resnet\data\train\African\af_tr214.jpg,0
F:\PythonProject\深度学习实践\resnet\data\train\African\af_tr194.jpg,0
F:\PythonProject\深度学习实践\resnet\data\train\African\af_tr334.jpg,0
F:\PythonProject\深度学习实践\resnet\data\train\African\af_tr48.jpg,0
F:\PythonProject\深度学习实践\resnet\data\train\African\af_tr114.jpg,0
F:\PythonProject\深度学习实践\resnet\data\train\Asian\as_tr134.jpg,1
F:\PythonProject\深度学习实践\resnet\data\train\Asian\as_tr54.jpg,1
F:\PythonProject\深度学习实践\resnet\data\train\Asian\as_tr335.jpg,1
F:\PythonProject\深度学习实践\resnet\data\train\Asian\as_tr301.jpg,1
F:\PythonProject\深度学习实践\resnet\data\train\Asian\as_tr215.jpg,1
F:\PythonProject\深度学习实践\resnet\data\train\African\af_tr369.jpg,0
F:\PythonProject\深度学习实践\resnet\data\train\Asian\as_tr264.jpg,1
F:\PythonProject\深度学习实践\resnet\data\train\Asian\as_tr261.jpg,1
F:\PythonProject\深度学习实践\resnet\data\train\African\af_tr409.jpg,0
F:\PythonProject\深度学习实践\resnet\data\train\African\af_tr44.jpg,0
F:\PythonProject\深度学习实践\resnet\data\train\Asian\as_tr371.jpg,1
F:\PythonProject\深度学习实践\resnet\data\train\African\af_tr133.jpg,0
F:\PythonProject\深度学习实践\resnet\data\train\African\af_tr3.jpg,0
F:\PythonProject\深度学习实践\resnet\data\train\Asian\as_tr29.jpg,1
F:\PythonProject\深度学习实践\resnet\data\train\Asian\as_tr176.jpg,1
F:\PythonProject\深度学习实践\resnet\data\train\Asian\as_tr41.jpg,1
F:\PythonProject\深度学习实践\resnet\data\train\African\af_tr271.jpg,0
F:\PythonProject\深度学习实践\resnet\data\train\Asian\as_tr93.jpg,1
F:\PythonProject\深度学习实践\resnet\data\train\Asian\as_tr78.jpg,1
F:\PythonProject\深度学习实践\resnet\data\train\Asian\as_tr66.jpg,1
F:\PythonProject\深度学习实践\resnet\data\train\African\af_tr197.jpg,0
F:\PythonProject\深度学习实践\resnet\data\train\Asian\as_tr326.jpg,1
F:\PythonProject\深度学习实践\resnet\data\train\African\af_tr205.jpg,0
F:\PythonProject\深度学习实践\resnet\data\train\African\af_tr263.jpg,0
F:\PythonProject\深度学习实践\resnet\data\train\Asian\as_tr415.jpg,1
F:\PythonProject\深度学习实践\resnet\data\train\Asian\as_tr10.jpg,1
F:\PythonProject\深度学习实践\resnet\data\train\Asian\as_tr3.jpg,1
F:\PythonProject\深度学习实践\resnet\data\train\Asian\as_tr116.jpg,1
F:\PythonProject\深度学习实践\resnet\data\train\African\af_tr120.jpg,0
F:\PythonProject\深度学习实践\resnet\data\train\Asian\as_tr342.jpg,1
F:\PythonProject\深度学习实践\resnet\data\train\Asian\as_tr412.jpg,1
F:\PythonProject\深度学习实践\resnet\data\train\Asian\as_tr259.jpg,1
F:\PythonProject\深度学习实践\resnet\data\train\Asian\as_tr268.jpg,1
F:\PythonProject\深度学习实践\resnet\data\train\Asian\as_tr276.jpg,1
F:\PythonProject\深度学习实践\resnet\data\train\African\af_tr246.jpg,0
F:\PythonProject\深度学习实践\resnet\data\train\African\af_tr239.jpg,0
F:\PythonProject\深度学习实践\resnet\data\train\African\af_tr164.jpg,0
F:\PythonProject\深度学习实践\resnet\data\train\Asian\as_tr106.jpg,1
F:\PythonProject\深度学习实践\resnet\data\train\Asian\as_tr165.jpg,1
F:\PythonProject\深度学习实践\resnet\data\train\Asian\as_tr365.jpg,1
F:\PythonProject\深度学习实践\resnet\data\train\Asian\as_tr26.jpg,1
F:\PythonProject\深度学习实践\resnet\data\train\African\af_tr310.jpg,0
F:\PythonProject\深度学习实践\resnet\data\train\Asian\as_tr105.jpg,1
F:\PythonProject\深度学习实践\resnet\data\train\Asian\as_tr330.jpg,1
F:\PythonProject\深度学习实践\resnet\data\train\Asian\as_tr211.jpg,1
F:\PythonProject\深度学习实践\resnet\data\train\African\af_tr296.jpg,0
F:\PythonProject\深度学习实践\resnet\data\train\Asian\as_tr39.jpg,1
F:\PythonProject\深度学习实践\resnet\data\train\African\af_tr290.jpg,0
F:\PythonProject\深度学习实践\resnet\data\train\African\af_tr360.jpg,0
F:\PythonProject\深度学习实践\resnet\data\train\African\af_tr12.jpg,0
F:\PythonProject\深度学习实践\resnet\data\train\Asian\as_tr114.jpg,1
F:\PythonProject\深度学习实践\resnet\data\train\Asian\as_tr97.jpg,1
F:\PythonProject\深度学习实践\resnet\data\train\Asian\as_tr112.jpg,1
F:\PythonProject\深度学习实践\resnet\data\train\Asian\as_tr395.jpg,1
F:\PythonProject\深度学习实践\resnet\data\train\Asian\as_tr111.jpg,1
F:\PythonProject\深度学习实践\resnet\data\train\Asian\as_tr408.jpg,1
F:\PythonProject\深度学习实践\resnet\data\train\African\af_tr54.jpg,0
F:\PythonProject\深度学习实践\resnet\data\train\Asian\as_tr230.jpg,1
F:\PythonProject\深度学习实践\resnet\data\train\African\af_tr108.jpg,0
F:\PythonProject\深度学习实践\resnet\data\train\Asian\as_tr267.jpg,1
F:\PythonProject\深度学习实践\resnet\data\train\Asian\as_tr282.jpg,1
F:\PythonProject\深度学习实践\resnet\data\train\Asian\as_tr140.jpg,1
F:\PythonProject\深度学习实践\resnet\data\train\African\af_tr69.jpg,0
F:\PythonProject\深度学习实践\resnet\data\train\Asian\as_tr336.jpg,1
F:\PythonProject\深度学习实践\resnet\data\train\African\af_tr264.jpg,0
F:\PythonProject\深度学习实践\resnet\data\train\African\af_tr14.jpg,0
F:\PythonProject\深度学习实践\resnet\data\train\African\af_tr57.jpg,0
F:\PythonProject\深度学习实践\resnet\data\train\Asian\as_tr370.jpg,1
F:\PythonProject\深度学习实践\resnet\data\train\African\af_tr383.jpg,0
F:\PythonProject\深度学习实践\resnet\data\train\Asian\as_tr260.jpg,1
F:\PythonProject\深度学习实践\resnet\data\train\African\af_tr329.jpg,0
F:\PythonProject\深度学习实践\resnet\data\train\Asian\as_tr322.jpg,1
F:\PythonProject\深度学习实践\resnet\data\train\Asian\as_tr377.jpg,1
F:\PythonProject\深度学习实践\resnet\data\train\African\af_tr411.jpg,0
F:\PythonProject\深度学习实践\resnet\data\train\African\af_tr349.jpg,0
F:\PythonProject\深度学习实践\resnet\data\train\Asian\as_tr340.jpg,1
F:\PythonProject\深度学习实践\resnet\data\train\Asian\as_tr129.jpg,1
F:\PythonProject\深度学习实践\resnet\data\train\African\af_tr174.jpg,0
F:\PythonProject\深度学习实践\resnet\data\train\African\af_tr365.jpg,0
F:\PythonProject\深度学习实践\resnet\data\train\Asian\as_tr214.jpg,1
F:\PythonProject\深度学习实践\resnet\data\train\African\af_tr29.jpg,0
F:\PythonProject\深度学习实践\resnet\data\train\Asian\as_tr392.jpg,1
F:\PythonProject\深度学习实践\resnet\data\train\African\af_tr101.jpg,0
F:\PythonProject\深度学习实践\resnet\data\train\Asian\as_tr331.jpg,1
F:\PythonProject\深度学习实践\resnet\data\train\Asian\as_tr323.jpg,1
F:\PythonProject\深度学习实践\resnet\data\train\Asian\as_tr172.jpg,1
F:\PythonProject\深度学习实践\resnet\data\train\African\af_tr223.jpg,0
F:\PythonProject\深度学习实践\resnet\data\train\Asian\as_tr178.jpg,1
F:\PythonProject\深度学习实践\resnet\data\train\African\af_tr104.jpg,0
F:\PythonProject\深度学习实践\resnet\data\train\African\af_tr39.jpg,0
F:\PythonProject\深度学习实践\resnet\data\train\African\af_tr274.jpg,0
F:\PythonProject\深度学习实践\resnet\data\train\African\af_tr76.jpg,0
F:\PythonProject\深度学习实践\resnet\data\train\Asian\as_tr246.jpg,1
F:\PythonProject\深度学习实践\resnet\data\train\Asian\as_tr75.jpg,1
F:\PythonProject\深度学习实践\resnet\data\train\Asian\as_tr352.jpg,1
F:\PythonProject\深度学习实践\resnet\data\train\Asian\as_tr243.jpg,1
F:\PythonProject\深度学习实践\resnet\data\train\Asian\as_tr275.jpg,1
F:\PythonProject\深度学习实践\resnet\data\train\Asian\as_tr125.jpg,1
F:\PythonProject\深度学习实践\resnet\data\train\African\af_tr196.jpg,0
F:\PythonProject\深度学习实践\resnet\data\train\Asian\as_tr398.jpg,1
F:\PythonProject\深度学习实践\resnet\data\train\African\af_tr26.jpg,0
F:\PythonProject\深度学习实践\resnet\data\train\African\af_tr178.jpg,0
F:\PythonProject\深度学习实践\resnet\data\train\African\af_tr394.jpg,0
F:\PythonProject\深度学习实践\resnet\data\train\African\af_tr202.jpg,0
F:\PythonProject\深度学习实践\resnet\data\train\Asian\as_tr385.jpg,1
F:\PythonProject\深度学习实践\resnet\data\train\Asian\as_tr373.jpg,1
F:\PythonProject\深度学习实践\resnet\data\train\Asian\as_tr212.jpg,1
F:\PythonProject\深度学习实践\resnet\data\train\Asian\as_tr250.jpg,1
F:\PythonProject\深度学习实践\resnet\data\train\Asian\as_tr382.jpg,1
F:\PythonProject\深度学习实践\resnet\data\train\Asian\as_tr139.jpg,1
F:\PythonProject\深度学习实践\resnet\data\train\Asian\as_tr91.jpg,1
F:\PythonProject\深度学习实践\resnet\data\train\African\af_tr416.jpg,0
F:\PythonProject\深度学习实践\resnet\data\train\Asian\as_tr59.jpg,1
F:\PythonProject\深度学习实践\resnet\data\train\Asian\as_tr17.jpg,1
F:\PythonProject\深度学习实践\resnet\data\train\African\af_tr283.jpg,0
F:\PythonProject\深度学习实践\resnet\data\train\African\af_tr80.jpg,0
F:\PythonProject\深度学习实践\resnet\data\train\Asian\as_tr347.jpg,1
F:\PythonProject\深度学习实践\resnet\data\train\Asian\as_tr130.jpg,1
F:\PythonProject\深度学习实践\resnet\data\train\African\af_tr252.jpg,0
F:\PythonProject\深度学习实践\resnet\data\train\Asian\as_tr5.jpg,1
F:\PythonProject\深度学习实践\resnet\data\train\African\af_tr357.jpg,0
F:\PythonProject\深度学习实践\resnet\data\train\African\af_tr62.jpg,0
F:\PythonProject\深度学习实践\resnet\data\train\African\af_tr123.jpg,0
F:\PythonProject\深度学习实践\resnet\data\train\African\af_tr346.jpg,0
F:\PythonProject\深度学习实践\resnet\data\train\Asian\as_tr67.jpg,1
F:\PythonProject\深度学习实践\resnet\data\train\Asian\as_tr61.jpg,1
F:\PythonProject\深度学习实践\resnet\data\train\Asian\as_tr198.jpg,1
F:\PythonProject\深度学习实践\resnet\data\train\African\af_tr402.jpg,0
F:\PythonProject\深度学习实践\resnet\data\train\African\af_tr105.jpg,0
F:\PythonProject\深度学习实践\resnet\data\train\African\af_tr82.jpg,0
F:\PythonProject\深度学习实践\resnet\data\train\African\af_tr251.jpg,0
F:\PythonProject\深度学习实践\resnet\data\train\African\af_tr397.jpg,0
F:\PythonProject\深度学习实践\resnet\data\train\Asian\as_tr100.jpg,1
F:\PythonProject\深度学习实践\resnet\data\train\Asian\as_tr55.jpg,1
F:\PythonProject\深度学习实践\resnet\data\train\Asian\as_tr296.jpg,1
F:\PythonProject\深度学习实践\resnet\data\train\African\af_tr219.jpg,0
F:\PythonProject\深度学习实践\resnet\data\train\Asian\as_tr109.jpg,1
F:\PythonProject\深度学习实践\resnet\data\train\African\af_tr335.jpg,0
F:\PythonProject\深度学习实践\resnet\data\train\African\af_tr72.jpg,0
F:\PythonProject\深度学习实践\resnet\data\train\Asian\as_tr393.jpg,1
F:\PythonProject\深度学习实践\resnet\data\train\Asian\as_tr92.jpg,1
F:\PythonProject\深度学习实践\resnet\data\train\Asian\as_tr24.jpg,1
F:\PythonProject\深度学习实践\resnet\data\train\Asian\as_tr402.jpg,1
F:\PythonProject\深度学习实践\resnet\data\train\Asian\as_tr180.jpg,1
F:\PythonProject\深度学习实践\resnet\data\train\African\af_tr266.jpg,0
F:\PythonProject\深度学习实践\resnet\data\train\Asian\as_tr37.jpg,1
F:\PythonProject\深度学习实践\resnet\data\train\Asian\as_tr51.jpg,1
F:\PythonProject\深度学习实践\resnet\data\train\Asian\as_tr308.jpg,1
F:\PythonProject\深度学习实践\resnet\data\train\Asian\as_tr307.jpg,1
F:\PythonProject\深度学习实践\resnet\data\train\African\af_tr327.jpg,0
F:\PythonProject\深度学习实践\resnet\data\train\Asian\as_tr316.jpg,1
F:\PythonProject\深度学习实践\resnet\data\train\African\af_tr224.jpg,0
F:\PythonProject\深度学习实践\resnet\data\train\African\af_tr32.jpg,0
F:\PythonProject\深度学习实践\resnet\data\train\African\af_tr209.jpg,0
F:\PythonProject\深度学习实践\resnet\data\train\African\af_tr11.jpg,0
F:\PythonProject\深度学习实践\resnet\data\train\African\af_tr113.jpg,0
F:\PythonProject\深度学习实践\resnet\data\train\Asian\as_tr229.jpg,1
F:\PythonProject\深度学习实践\resnet\data\train\African\af_tr65.jpg,0
F:\PythonProject\深度学习实践\resnet\data\train\African\af_tr378.jpg,0
F:\PythonProject\深度学习实践\resnet\data\train\African\af_tr340.jpg,0
F:\PythonProject\深度学习实践\resnet\data\train\Asian\as_tr241.jpg,1
F:\PythonProject\深度学习实践\resnet\data\train\Asian\as_tr68.jpg,1
F:\PythonProject\深度学习实践\resnet\data\train\African\af_tr132.jpg,0
F:\PythonProject\深度学习实践\resnet\data\train\African\af_tr291.jpg,0
F:\PythonProject\深度学习实践\resnet\data\train\African\af_tr100.jpg,0
F:\PythonProject\深度学习实践\resnet\data\train\Asian\as_tr45.jpg,1
F:\PythonProject\深度学习实践\resnet\data\train\Asian\as_tr343.jpg,1
F:\PythonProject\深度学习实践\resnet\data\train\African\af_tr318.jpg,0
F:\PythonProject\深度学习实践\resnet\data\train\African\af_tr157.jpg,0
F:\PythonProject\深度学习实践\resnet\data\train\Asian\as_tr341.jpg,1
F:\PythonProject\深度学习实践\resnet\data\train\Asian\as_tr118.jpg,1
F:\PythonProject\深度学习实践\resnet\data\train\Asian\as_tr255.jpg,1
F:\PythonProject\深度学习实践\resnet\data\train\African\af_tr43.jpg,0
F:\PythonProject\深度学习实践\resnet\data\train\African\af_tr8.jpg,0
F:\PythonProject\深度学习实践\resnet\data\train\African\af_tr348.jpg,0
F:\PythonProject\深度学习实践\resnet\data\train\Asian\as_tr121.jpg,1
F:\PythonProject\深度学习实践\resnet\data\train\African\af_tr354.jpg,0
F:\PythonProject\深度学习实践\resnet\data\train\Asian\as_tr312.jpg,1
F:\PythonProject\深度学习实践\resnet\data\train\African\af_tr102.jpg,0
F:\PythonProject\深度学习实践\resnet\data\train\African\af_tr307.jpg,0
F:\PythonProject\深度学习实践\resnet\data\train\African\af_tr269.jpg,0
F:\PythonProject\深度学习实践\resnet\data\train\Asian\as_tr15.jpg,1
F:\PythonProject\深度学习实践\resnet\data\train\African\af_tr36.jpg,0
F:\PythonProject\深度学习实践\resnet\data\train\Asian\as_tr197.jpg,1
F:\PythonProject\深度学习实践\resnet\data\train\African\af_tr158.jpg,0
F:\PythonProject\深度学习实践\resnet\data\train\African\af_tr314.jpg,0
F:\PythonProject\深度学习实践\resnet\data\train\African\af_tr417.jpg,0
F:\PythonProject\深度学习实践\resnet\data\train\Asian\as_tr158.jpg,1
F:\PythonProject\深度学习实践\resnet\data\train\African\af_tr368.jpg,0
F:\PythonProject\深度学习实践\resnet\data\train\Asian\as_tr420.jpg,1
F:\PythonProject\深度学习实践\resnet\data\train\African\af_tr50.jpg,0
F:\PythonProject\深度学习实践\resnet\data\train\African\af_tr70.jpg,0
F:\PythonProject\深度学习实践\resnet\data\train\African\af_tr152.jpg,0
F:\PythonProject\深度学习实践\resnet\data\train\African\af_tr216.jpg,0
F:\PythonProject\深度学习实践\resnet\data\train\Asian\as_tr124.jpg,1
F:\PythonProject\深度学习实践\resnet\data\train\Asian\as_tr405.jpg,1
F:\PythonProject\深度学习实践\resnet\data\train\Asian\as_tr379.jpg,1
F:\PythonProject\深度学习实践\resnet\data\train\African\af_tr56.jpg,0
F:\PythonProject\深度学习实践\resnet\data\train\Asian\as_tr406.jpg,1
F:\PythonProject\深度学习实践\resnet\data\train\African\af_tr331.jpg,0
F:\PythonProject\深度学习实践\resnet\data\train\Asian\as_tr224.jpg,1
F:\PythonProject\深度学习实践\resnet\data\train\African\af_tr366.jpg,0
F:\PythonProject\深度学习实践\resnet\data\train\Asian\as_tr346.jpg,1
F:\PythonProject\深度学习实践\resnet\data\train\African\af_tr272.jpg,0
F:\PythonProject\深度学习实践\resnet\data\train\Asian\as_tr70.jpg,1
F:\PythonProject\深度学习实践\resnet\data\train\Asian\as_tr384.jpg,1
F:\PythonProject\深度学习实践\resnet\data\train\Asian\as_tr202.jpg,1
F:\PythonProject\深度学习实践\resnet\data\train\Asian\as_tr148.jpg,1
F:\PythonProject\深度学习实践\resnet\data\train\African\af_tr376.jpg,0
F:\PythonProject\深度学习实践\resnet\data\train\Asian\as_tr56.jpg,1
F:\PythonProject\深度学习实践\resnet\data\train\African\af_tr79.jpg,0
F:\PythonProject\深度学习实践\resnet\data\train\African\af_tr275.jpg,0
F:\PythonProject\深度学习实践\resnet\data\train\African\af_tr71.jpg,0
F:\PythonProject\深度学习实践\resnet\data\train\Asian\as_tr418.jpg,1
F:\PythonProject\深度学习实践\resnet\data\train\African\af_tr320.jpg,0
F:\PythonProject\深度学习实践\resnet\data\train\Asian\as_tr201.jpg,1
F:\PythonProject\深度学习实践\resnet\data\train\African\af_tr218.jpg,0
F:\PythonProject\深度学习实践\resnet\data\train\Asian\as_tr8.jpg,1
F:\PythonProject\深度学习实践\resnet\data\train\African\af_tr294.jpg,0
F:\PythonProject\深度学习实践\resnet\data\train\African\af_tr231.jpg,0
F:\PythonProject\深度学习实践\resnet\data\train\Asian\as_tr206.jpg,1
F:\PythonProject\深度学习实践\resnet\data\train\African\af_tr27.jpg,0
F:\PythonProject\深度学习实践\resnet\data\train\African\af_tr286.jpg,0
F:\PythonProject\深度学习实践\resnet\data\train\African\af_tr144.jpg,0
F:\PythonProject\深度学习实践\resnet\data\train\African\af_tr107.jpg,0
F:\PythonProject\深度学习实践\resnet\data\train\Asian\as_tr9.jpg,1
F:\PythonProject\深度学习实践\resnet\data\train\African\af_tr326.jpg,0
F:\PythonProject\深度学习实践\resnet\data\train\African\af_tr117.jpg,0
F:\PythonProject\深度学习实践\resnet\data\train\Asian\as_tr380.jpg,1
F:\PythonProject\深度学习实践\resnet\data\train\Asian\as_tr278.jpg,1
F:\PythonProject\深度学习实践\resnet\data\train\African\af_tr247.jpg,0
F:\PythonProject\深度学习实践\resnet\data\train\Asian\as_tr25.jpg,1
F:\PythonProject\深度学习实践\resnet\data\train\Asian\as_tr184.jpg,1
F:\PythonProject\深度学习实践\resnet\data\train\African\af_tr110.jpg,0
F:\PythonProject\深度学习实践\resnet\data\train\African\af_tr404.jpg,0
F:\PythonProject\深度学习实践\resnet\data\train\African\af_tr91.jpg,0
F:\PythonProject\深度学习实践\resnet\data\train\Asian\as_tr19.jpg,1
F:\PythonProject\深度学习实践\resnet\data\train\African\af_tr212.jpg,0
F:\PythonProject\深度学习实践\resnet\data\train\Asian\as_tr120.jpg,1
F:\PythonProject\深度学习实践\resnet\data\train\African\af_tr406.jpg,0
F:\PythonProject\深度学习实践\resnet\data\train\Asian\as_tr354.jpg,1
F:\PythonProject\深度学习实践\resnet\data\train\African\af_tr300.jpg,0
F:\PythonProject\深度学习实践\resnet\data\train\Asian\as_tr181.jpg,1
F:\PythonProject\深度学习实践\resnet\data\train\Asian\as_tr82.jpg,1
F:\PythonProject\深度学习实践\resnet\data\train\Asian\as_tr98.jpg,1
F:\PythonProject\深度学习实践\resnet\data\train\African\af_tr166.jpg,0
F:\PythonProject\深度学习实践\resnet\data\train\African\af_tr142.jpg,0
F:\PythonProject\深度学习实践\resnet\data\train\African\af_tr163.jpg,0
F:\PythonProject\深度学习实践\resnet\data\train\Asian\as_tr368.jpg,1
F:\PythonProject\深度学习实践\resnet\data\train\African\af_tr119.jpg,0
F:\PythonProject\深度学习实践\resnet\data\train\African\af_tr244.jpg,0
F:\PythonProject\深度学习实践\resnet\data\train\Asian\as_tr357.jpg,1
F:\PythonProject\深度学习实践\resnet\data\train\Asian\as_tr64.jpg,1
F:\PythonProject\深度学习实践\resnet\data\train\Asian\as_tr225.jpg,1
F:\PythonProject\深度学习实践\resnet\data\train\Asian\as_tr220.jpg,1
F:\PythonProject\深度学习实践\resnet\data\train\Asian\as_tr242.jpg,1
F:\PythonProject\深度学习实践\resnet\data\train\Asian\as_tr339.jpg,1
F:\PythonProject\深度学习实践\resnet\data\train\Asian\as_tr22.jpg,1
F:\PythonProject\深度学习实践\resnet\data\train\Asian\as_tr189.jpg,1
F:\PythonProject\深度学习实践\resnet\data\train\Asian\as_tr162.jpg,1
F:\PythonProject\深度学习实践\resnet\data\train\Asian\as_tr390.jpg,1
F:\PythonProject\深度学习实践\resnet\data\train\African\af_tr73.jpg,0
F:\PythonProject\深度学习实践\resnet\data\train\Asian\as_tr133.jpg,1
F:\PythonProject\深度学习实践\resnet\data\train\Asian\as_tr32.jpg,1
F:\PythonProject\深度学习实践\resnet\data\train\Asian\as_tr233.jpg,1
F:\PythonProject\深度学习实践\resnet\data\train\African\af_tr61.jpg,0
F:\PythonProject\深度学习实践\resnet\data\train\African\af_tr40.jpg,0
F:\PythonProject\深度学习实践\resnet\data\train\African\af_tr68.jpg,0
F:\PythonProject\深度学习实践\resnet\data\train\Asian\as_tr266.jpg,1
F:\PythonProject\深度学习实践\resnet\data\train\Asian\as_tr144.jpg,1
F:\PythonProject\深度学习实践\resnet\data\train\African\af_tr187.jpg,0
F:\PythonProject\深度学习实践\resnet\data\train\African\af_tr358.jpg,0
F:\PythonProject\深度学习实践\resnet\data\train\African\af_tr381.jpg,0
F:\PythonProject\深度学习实践\resnet\data\train\Asian\as_tr239.jpg,1
F:\PythonProject\深度学习实践\resnet\data\train\African\af_tr339.jpg,0
F:\PythonProject\深度学习实践\resnet\data\train\Asian\as_tr137.jpg,1
F:\PythonProject\深度学习实践\resnet\data\train\Asian\as_tr249.jpg,1
F:\PythonProject\深度学习实践\resnet\data\train\Asian\as_tr213.jpg,1
F:\PythonProject\深度学习实践\resnet\data\train\Asian\as_tr232.jpg,1
F:\PythonProject\深度学习实践\resnet\data\train\African\af_tr180.jpg,0
F:\PythonProject\深度学习实践\resnet\data\train\African\af_tr311.jpg,0
F:\PythonProject\深度学习实践\resnet\data\train\African\af_tr228.jpg,0
F:\PythonProject\深度学习实践\resnet\data\train\African\af_tr319.jpg,0
F:\PythonProject\深度学习实践\resnet\data\train\African\af_tr306.jpg,0
F:\PythonProject\深度学习实践\resnet\data\train\Asian\as_tr363.jpg,1
F:\PythonProject\深度学习实践\resnet\data\train\African\af_tr89.jpg,0
F:\PythonProject\深度学习实践\resnet\data\train\African\af_tr33.jpg,0
F:\PythonProject\深度学习实践\resnet\data\train\African\af_tr374.jpg,0
F:\PythonProject\深度学习实践\resnet\data\train\African\af_tr233.jpg,0
F:\PythonProject\深度学习实践\resnet\data\train\African\af_tr317.jpg,0
F:\PythonProject\深度学习实践\resnet\data\train\Asian\as_tr115.jpg,1
F:\PythonProject\深度学习实践\resnet\data\train\African\af_tr15.jpg,0
F:\PythonProject\深度学习实践\resnet\data\train\African\af_tr277.jpg,0
F:\PythonProject\深度学习实践\resnet\data\train\African\af_tr389.jpg,0
F:\PythonProject\深度学习实践\resnet\data\train\African\af_tr257.jpg,0
F:\PythonProject\深度学习实践\resnet\data\train\African\af_tr74.jpg,0
F:\PythonProject\深度学习实践\resnet\data\train\African\af_tr31.jpg,0
F:\PythonProject\深度学习实践\resnet\data\train\African\af_tr229.jpg,0
F:\PythonProject\深度学习实践\resnet\data\train\African\af_tr165.jpg,0
F:\PythonProject\深度学习实践\resnet\data\train\Asian\as_tr147.jpg,1
F:\PythonProject\深度学习实践\resnet\data\train\African\af_tr392.jpg,0
F:\PythonProject\深度学习实践\resnet\data\train\Asian\as_tr183.jpg,1
F:\PythonProject\深度学习实践\resnet\data\train\African\af_tr45.jpg,0
F:\PythonProject\深度学习实践\resnet\data\train\Asian\as_tr34.jpg,1
F:\PythonProject\深度学习实践\resnet\data\train\Asian\as_tr227.jpg,1
F:\PythonProject\深度学习实践\resnet\data\train\Asian\as_tr353.jpg,1
F:\PythonProject\深度学习实践\resnet\data\train\African\af_tr18.jpg,0
F:\PythonProject\深度学习实践\resnet\data\train\African\af_tr337.jpg,0
F:\PythonProject\深度学习实践\resnet\data\train\African\af_tr121.jpg,0
F:\PythonProject\深度学习实践\resnet\data\train\African\af_tr143.jpg,0
F:\PythonProject\深度学习实践\resnet\data\train\Asian\as_tr313.jpg,1
F:\PythonProject\深度学习实践\resnet\data\train\African\af_tr190.jpg,0
F:\PythonProject\深度学习实践\resnet\data\train\African\af_tr259.jpg,0
F:\PythonProject\深度学习实践\resnet\data\train\Asian\as_tr4.jpg,1
F:\PythonProject\深度学习实践\resnet\data\train\Asian\as_tr251.jpg,1
F:\PythonProject\深度学习实践\resnet\data\train\African\af_tr293.jpg,0
F:\PythonProject\深度学习实践\resnet\data\train\Asian\as_tr358.jpg,1
F:\PythonProject\深度学习实践\resnet\data\train\African\af_tr371.jpg,0
F:\PythonProject\深度学习实践\resnet\data\train\African\af_tr284.jpg,0
F:\PythonProject\深度学习实践\resnet\data\train\African\af_tr303.jpg,0
F:\PythonProject\深度学习实践\resnet\data\train\Asian\as_tr136.jpg,1
F:\PythonProject\深度学习实践\resnet\data\train\African\af_tr128.jpg,0
F:\PythonProject\深度学习实践\resnet\data\train\African\af_tr88.jpg,0
F:\PythonProject\深度学习实践\resnet\data\train\African\af_tr299.jpg,0
F:\PythonProject\深度学习实践\resnet\data\train\African\af_tr149.jpg,0
F:\PythonProject\深度学习实践\resnet\data\train\African\af_tr189.jpg,0
F:\PythonProject\深度学习实践\resnet\data\train\Asian\as_tr49.jpg,1
F:\PythonProject\深度学习实践\resnet\data\train\Asian\as_tr205.jpg,1
F:\PythonProject\深度学习实践\resnet\data\train\African\af_tr382.jpg,0
F:\PythonProject\深度学习实践\resnet\data\train\Asian\as_tr101.jpg,1
F:\PythonProject\深度学习实践\resnet\data\train\Asian\as_tr23.jpg,1
F:\PythonProject\深度学习实践\resnet\data\train\Asian\as_tr123.jpg,1
F:\PythonProject\深度学习实践\resnet\data\train\African\af_tr324.jpg,0
F:\PythonProject\深度学习实践\resnet\data\train\Asian\as_tr132.jpg,1
F:\PythonProject\深度学习实践\resnet\data\train\Asian\as_tr18.jpg,1
F:\PythonProject\深度学习实践\resnet\data\train\Asian\as_tr72.jpg,1
F:\PythonProject\深度学习实践\resnet\data\train\Asian\as_tr356.jpg,1
F:\PythonProject\深度学习实践\resnet\data\train\Asian\as_tr288.jpg,1
F:\PythonProject\深度学习实践\resnet\data\train\Asian\as_tr74.jpg,1
F:\PythonProject\深度学习实践\resnet\data\train\Asian\as_tr234.jpg,1
F:\PythonProject\深度学习实践\resnet\data\train\African\af_tr262.jpg,0
F:\PythonProject\深度学习实践\resnet\data\train\African\af_tr81.jpg,0
F:\PythonProject\深度学习实践\resnet\data\train\African\af_tr375.jpg,0
F:\PythonProject\深度学习实践\resnet\data\train\African\af_tr19.jpg,0
F:\PythonProject\深度学习实践\resnet\data\train\African\af_tr99.jpg,0
F:\PythonProject\深度学习实践\resnet\data\train\Asian\as_tr333.jpg,1
F:\PythonProject\深度学习实践\resnet\data\train\Asian\as_tr169.jpg,1
F:\PythonProject\深度学习实践\resnet\data\train\Asian\as_tr135.jpg,1
F:\PythonProject\深度学习实践\resnet\data\train\Asian\as_tr245.jpg,1
F:\PythonProject\深度学习实践\resnet\data\train\African\af_tr125.jpg,0
F:\PythonProject\深度学习实践\resnet\data\train\Asian\as_tr20.jpg,1
F:\PythonProject\深度学习实践\resnet\data\train\Asian\as_tr372.jpg,1
F:\PythonProject\深度学习实践\resnet\data\train\Asian\as_tr150.jpg,1
F:\PythonProject\深度学习实践\resnet\data\train\Asian\as_tr332.jpg,1
F:\PythonProject\深度学习实践\resnet\data\train\Asian\as_tr294.jpg,1
F:\PythonProject\深度学习实践\resnet\data\train\African\af_tr295.jpg,0
F:\PythonProject\深度学习实践\resnet\data\train\African\af_tr183.jpg,0
F:\PythonProject\深度学习实践\resnet\data\train\Asian\as_tr163.jpg,1
F:\PythonProject\深度学习实践\resnet\data\train\African\af_tr356.jpg,0
F:\PythonProject\深度学习实践\resnet\data\train\Asian\as_tr252.jpg,1
F:\PythonProject\深度学习实践\resnet\data\train\African\af_tr388.jpg,0
F:\PythonProject\深度学习实践\resnet\data\train\Asian\as_tr397.jpg,1
F:\PythonProject\深度学习实践\resnet\data\train\Asian\as_tr287.jpg,1
F:\PythonProject\深度学习实践\resnet\data\train\Asian\as_tr299.jpg,1
F:\PythonProject\深度学习实践\resnet\data\train\Asian\as_tr257.jpg,1
F:\PythonProject\深度学习实践\resnet\data\train\African\af_tr215.jpg,0
F:\PythonProject\深度学习实践\resnet\data\train\African\af_tr347.jpg,0
F:\PythonProject\深度学习实践\resnet\data\train\African\af_tr235.jpg,0
F:\PythonProject\深度学习实践\resnet\data\train\Asian\as_tr226.jpg,1
F:\PythonProject\深度学习实践\resnet\data\train\African\af_tr253.jpg,0
F:\PythonProject\深度学习实践\resnet\data\train\Asian\as_tr222.jpg,1
F:\PythonProject\深度学习实践\resnet\data\train\African\af_tr184.jpg,0
F:\PythonProject\深度学习实践\resnet\data\train\Asian\as_tr237.jpg,1
F:\PythonProject\深度学习实践\resnet\data\train\African\af_tr380.jpg,0
F:\PythonProject\深度学习实践\resnet\data\train\Asian\as_tr58.jpg,1
F:\PythonProject\深度学习实践\resnet\data\train\Asian\as_tr153.jpg,1
F:\PythonProject\深度学习实践\resnet\data\train\African\af_tr78.jpg,0
F:\PythonProject\深度学习实践\resnet\data\train\African\af_tr278.jpg,0
F:\PythonProject\深度学习实践\resnet\data\train\Asian\as_tr217.jpg,1
F:\PythonProject\深度学习实践\resnet\data\train\African\af_tr285.jpg,0
F:\PythonProject\深度学习实践\resnet\data\train\African\af_tr17.jpg,0
F:\PythonProject\深度学习实践\resnet\data\train\African\af_tr204.jpg,0
F:\PythonProject\深度学习实践\resnet\data\train\Asian\as_tr88.jpg,1
F:\PythonProject\深度学习实践\resnet\data\train\Asian\as_tr274.jpg,1
F:\PythonProject\深度学习实践\resnet\data\train\Asian\as_tr381.jpg,1
F:\PythonProject\深度学习实践\resnet\data\train\African\af_tr63.jpg,0
F:\PythonProject\深度学习实践\resnet\data\train\Asian\as_tr33.jpg,1
F:\PythonProject\深度学习实践\resnet\data\train\Asian\as_tr62.jpg,1
F:\PythonProject\深度学习实践\resnet\data\train\African\af_tr98.jpg,0
F:\PythonProject\深度学习实践\resnet\data\train\Asian\as_tr319.jpg,1
F:\PythonProject\深度学习实践\resnet\data\train\African\af_tr400.jpg,0
F:\PythonProject\深度学习实践\resnet\data\train\Asian\as_tr404.jpg,1
F:\PythonProject\深度学习实践\resnet\data\train\Asian\as_tr218.jpg,1
F:\PythonProject\深度学习实践\resnet\data\train\African\af_tr75.jpg,0
F:\PythonProject\深度学习实践\resnet\data\train\Asian\as_tr164.jpg,1
F:\PythonProject\深度学习实践\resnet\data\train\African\af_tr342.jpg,0
F:\PythonProject\深度学习实践\resnet\data\train\Asian\as_tr108.jpg,1
F:\PythonProject\深度学习实践\resnet\data\train\African\af_tr141.jpg,0
F:\PythonProject\深度学习实践\resnet\data\train\African\af_tr298.jpg,0
F:\PythonProject\深度学习实践\resnet\data\train\African\af_tr281.jpg,0
F:\PythonProject\深度学习实践\resnet\data\train\Asian\as_tr73.jpg,1
F:\PythonProject\深度学习实践\resnet\data\train\African\af_tr136.jpg,0
F:\PythonProject\深度学习实践\resnet\data\train\African\af_tr5.jpg,0
F:\PythonProject\深度学习实践\resnet\data\train\Asian\as_tr95.jpg,1
F:\PythonProject\深度学习实践\resnet\data\train\Asian\as_tr156.jpg,1
F:\PythonProject\深度学习实践\resnet\data\train\African\af_tr420.jpg,0
F:\PythonProject\深度学习实践\resnet\data\train\Asian\as_tr270.jpg,1
F:\PythonProject\深度学习实践\resnet\data\train\Asian\as_tr271.jpg,1
F:\PythonProject\深度学习实践\resnet\data\train\African\af_tr111.jpg,0
F:\PythonProject\深度学习实践\resnet\data\train\Asian\as_tr28.jpg,1
F:\PythonProject\深度学习实践\resnet\data\train\African\af_tr9.jpg,0
F:\PythonProject\深度学习实践\resnet\data\train\Asian\as_tr350.jpg,1
F:\PythonProject\深度学习实践\resnet\data\train\African\af_tr373.jpg,0
F:\PythonProject\深度学习实践\resnet\data\train\Asian\as_tr306.jpg,1
F:\PythonProject\深度学习实践\resnet\data\train\African\af_tr220.jpg,0
F:\PythonProject\深度学习实践\resnet\data\train\Asian\as_tr152.jpg,1
F:\PythonProject\深度学习实践\resnet\data\train\African\af_tr35.jpg,0
F:\PythonProject\深度学习实践\resnet\data\train\Asian\as_tr351.jpg,1
F:\PythonProject\深度学习实践\resnet\data\train\African\af_tr94.jpg,0
F:\PythonProject\深度学习实践\resnet\data\train\African\af_tr364.jpg,0
F:\PythonProject\深度学习实践\resnet\data\train\African\af_tr53.jpg,0
F:\PythonProject\深度学习实践\resnet\data\train\Asian\as_tr52.jpg,1
F:\PythonProject\深度学习实践\resnet\data\train\Asian\as_tr71.jpg,1
F:\PythonProject\深度学习实践\resnet\data\train\Asian\as_tr247.jpg,1
F:\PythonProject\深度学习实践\resnet\data\train\Asian\as_tr128.jpg,1
F:\PythonProject\深度学习实践\resnet\data\train\African\af_tr34.jpg,0
F:\PythonProject\深度学习实践\resnet\data\train\African\af_tr90.jpg,0
F:\PythonProject\深度学习实践\resnet\data\train\African\af_tr302.jpg,0
F:\PythonProject\深度学习实践\resnet\data\train\African\af_tr386.jpg,0
F:\PythonProject\深度学习实践\resnet\data\train\Asian\as_tr360.jpg,1
F:\PythonProject\深度学习实践\resnet\data\train\African\af_tr408.jpg,0
F:\PythonProject\深度学习实践\resnet\data\train\African\af_tr41.jpg,0
F:\PythonProject\深度学习实践\resnet\data\train\Asian\as_tr141.jpg,1
F:\PythonProject\深度学习实践\resnet\data\train\Asian\as_tr86.jpg,1
F:\PythonProject\深度学习实践\resnet\data\train\Asian\as_tr187.jpg,1
F:\PythonProject\深度学习实践\resnet\data\train\African\af_tr129.jpg,0
F:\PythonProject\深度学习实践\resnet\data\train\African\af_tr345.jpg,0
F:\PythonProject\深度学习实践\resnet\data\train\Asian\as_tr60.jpg,1
F:\PythonProject\深度学习实践\resnet\data\train\Asian\as_tr376.jpg,1
F:\PythonProject\深度学习实践\resnet\data\train\African\af_tr237.jpg,0
F:\PythonProject\深度学习实践\resnet\data\train\African\af_tr401.jpg,0
F:\PythonProject\深度学习实践\resnet\data\train\Asian\as_tr366.jpg,1
F:\PythonProject\深度学习实践\resnet\data\train\African\af_tr305.jpg,0
F:\PythonProject\深度学习实践\resnet\data\train\African\af_tr250.jpg,0
F:\PythonProject\深度学习实践\resnet\data\train\Asian\as_tr378.jpg,1
F:\PythonProject\深度学习实践\resnet\data\train\African\af_tr232.jpg,0
F:\PythonProject\深度学习实践\resnet\data\train\African\af_tr137.jpg,0
F:\PythonProject\深度学习实践\resnet\data\train\African\af_tr24.jpg,0
F:\PythonProject\深度学习实践\resnet\data\train\African\af_tr213.jpg,0
F:\PythonProject\深度学习实践\resnet\data\train\African\af_tr21.jpg,0
F:\PythonProject\深度学习实践\resnet\data\train\Asian\as_tr143.jpg,1
F:\PythonProject\深度学习实践\resnet\data\train\African\af_tr86.jpg,0
F:\PythonProject\深度学习实践\resnet\data\train\African\af_tr351.jpg,0
F:\PythonProject\深度学习实践\resnet\data\train\Asian\as_tr119.jpg,1
F:\PythonProject\深度学习实践\resnet\data\train\African\af_tr308.jpg,0
F:\PythonProject\深度学习实践\resnet\data\train\Asian\as_tr309.jpg,1
F:\PythonProject\深度学习实践\resnet\data\train\African\af_tr414.jpg,0
F:\PythonProject\深度学习实践\resnet\data\train\African\af_tr410.jpg,0
F:\PythonProject\深度学习实践\resnet\data\train\African\af_tr265.jpg,0
F:\PythonProject\深度学习实践\resnet\data\train\African\af_tr181.jpg,0
F:\PythonProject\深度学习实践\resnet\data\train\African\af_tr131.jpg,0
F:\PythonProject\深度学习实践\resnet\data\train\Asian\as_tr50.jpg,1
F:\PythonProject\深度学习实践\resnet\data\train\Asian\as_tr57.jpg,1
F:\PythonProject\深度学习实践\resnet\data\train\African\af_tr52.jpg,0
F:\PythonProject\深度学习实践\resnet\data\train\Asian\as_tr273.jpg,1
F:\PythonProject\深度学习实践\resnet\data\train\African\af_tr362.jpg,0
F:\PythonProject\深度学习实践\resnet\data\train\African\af_tr140.jpg,0
F:\PythonProject\深度学习实践\resnet\data\train\African\af_tr399.jpg,0
F:\PythonProject\深度学习实践\resnet\data\train\African\af_tr260.jpg,0
F:\PythonProject\深度学习实践\resnet\data\train\African\af_tr173.jpg,0
F:\PythonProject\深度学习实践\resnet\data\train\African\af_tr254.jpg,0
F:\PythonProject\深度学习实践\resnet\data\train\Asian\as_tr389.jpg,1
F:\PythonProject\深度学习实践\resnet\data\train\Asian\as_tr76.jpg,1
F:\PythonProject\深度学习实践\resnet\data\train\African\af_tr353.jpg,0
F:\PythonProject\深度学习实践\resnet\data\train\African\af_tr316.jpg,0
F:\PythonProject\深度学习实践\resnet\data\train\Asian\as_tr411.jpg,1
F:\PythonProject\深度学习实践\resnet\data\train\African\af_tr118.jpg,0
F:\PythonProject\深度学习实践\resnet\data\train\Asian\as_tr407.jpg,1
F:\PythonProject\深度学习实践\resnet\data\train\Asian\as_tr65.jpg,1
F:\PythonProject\深度学习实践\resnet\data\train\African\af_tr363.jpg,0
F:\PythonProject\深度学习实践\resnet\data\train\African\af_tr37.jpg,0
F:\PythonProject\深度学习实践\resnet\data\train\African\af_tr145.jpg,0
F:\PythonProject\深度学习实践\resnet\data\train\Asian\as_tr364.jpg,1
F:\PythonProject\深度学习实践\resnet\data\train\Asian\as_tr151.jpg,1
F:\PythonProject\深度学习实践\resnet\data\train\Asian\as_tr291.jpg,1
F:\PythonProject\深度学习实践\resnet\data\train\Asian\as_tr344.jpg,1
F:\PythonProject\深度学习实践\resnet\data\train\Asian\as_tr27.jpg,1
F:\PythonProject\深度学习实践\resnet\data\train\African\af_tr258.jpg,0
F:\PythonProject\深度学习实践\resnet\data\train\African\af_tr124.jpg,0
F:\PythonProject\深度学习实践\resnet\data\train\African\af_tr23.jpg,0
F:\PythonProject\深度学习实践\resnet\data\train\Asian\as_tr240.jpg,1
F:\PythonProject\深度学习实践\resnet\data\train\Asian\as_tr14.jpg,1
F:\PythonProject\深度学习实践\resnet\data\train\African\af_tr167.jpg,0
F:\PythonProject\深度学习实践\resnet\data\train\Asian\as_tr188.jpg,1
F:\PythonProject\深度学习实践\resnet\data\train\African\af_tr96.jpg,0
F:\PythonProject\深度学习实践\resnet\data\train\Asian\as_tr293.jpg,1
F:\PythonProject\深度学习实践\resnet\data\train\Asian\as_tr304.jpg,1
F:\PythonProject\深度学习实践\resnet\data\train\Asian\as_tr403.jpg,1
F:\PythonProject\深度学习实践\resnet\data\train\Asian\as_tr168.jpg,1
F:\PythonProject\深度学习实践\resnet\data\train\Asian\as_tr235.jpg,1
F:\PythonProject\深度学习实践\resnet\data\train\African\af_tr361.jpg,0
F:\PythonProject\深度学习实践\resnet\data\train\African\af_tr151.jpg,0
F:\PythonProject\深度学习实践\resnet\data\train\African\af_tr192.jpg,0
F:\PythonProject\深度学习实践\resnet\data\train\Asian\as_tr328.jpg,1
F:\PythonProject\深度学习实践\resnet\data\train\African\af_tr4.jpg,0
F:\PythonProject\深度学习实践\resnet\data\train\African\af_tr211.jpg,0
F:\PythonProject\深度学习实践\resnet\data\train\African\af_tr321.jpg,0
F:\PythonProject\深度学习实践\resnet\data\train\Asian\as_tr69.jpg,1
F:\PythonProject\深度学习实践\resnet\data\train\Asian\as_tr410.jpg,1
F:\PythonProject\深度学习实践\resnet\data\train\African\af_tr384.jpg,0
F:\PythonProject\深度学习实践\resnet\data\train\African\af_tr46.jpg,0
F:\PythonProject\深度学习实践\resnet\data\train\African\af_tr146.jpg,0
F:\PythonProject\深度学习实践\resnet\data\train\African\af_tr135.jpg,0
F:\PythonProject\深度学习实践\resnet\data\train\Asian\as_tr191.jpg,1
F:\PythonProject\深度学习实践\resnet\data\train\African\af_tr162.jpg,0
F:\PythonProject\深度学习实践\resnet\data\train\Asian\as_tr155.jpg,1
F:\PythonProject\深度学习实践\resnet\data\train\African\af_tr115.jpg,0
F:\PythonProject\深度学习实践\resnet\data\train\Asian\as_tr279.jpg,1
F:\PythonProject\深度学习实践\resnet\data\train\African\af_tr367.jpg,0
F:\PythonProject\深度学习实践\resnet\data\train\Asian\as_tr295.jpg,1
F:\PythonProject\深度学习实践\resnet\data\train\African\af_tr67.jpg,0
F:\PythonProject\深度学习实践\resnet\data\train\Asian\as_tr391.jpg,1
F:\PythonProject\深度学习实践\resnet\data\train\Asian\as_tr126.jpg,1
F:\PythonProject\深度学习实践\resnet\data\train\Asian\as_tr417.jpg,1
F:\PythonProject\深度学习实践\resnet\data\train\Asian\as_tr79.jpg,1
F:\PythonProject\深度学习实践\resnet\data\train\Asian\as_tr182.jpg,1
F:\PythonProject\深度学习实践\resnet\data\train\African\af_tr106.jpg,0
F:\PythonProject\深度学习实践\resnet\data\train\African\af_tr154.jpg,0
F:\PythonProject\深度学习实践\resnet\data\train\African\af_tr297.jpg,0
F:\PythonProject\深度学习实践\resnet\data\train\Asian\as_tr177.jpg,1
F:\PythonProject\深度学习实践\resnet\data\train\Asian\as_tr292.jpg,1
F:\PythonProject\深度学习实践\resnet\data\train\Asian\as_tr94.jpg,1
F:\PythonProject\深度学习实践\resnet\data\train\African\af_tr309.jpg,0
F:\PythonProject\深度学习实践\resnet\data\train\African\af_tr396.jpg,0
F:\PythonProject\深度学习实践\resnet\data\train\Asian\as_tr348.jpg,1
F:\PythonProject\深度学习实践\resnet\data\train\African\af_tr267.jpg,0
F:\PythonProject\深度学习实践\resnet\data\train\African\af_tr240.jpg,0
F:\PythonProject\深度学习实践\resnet\data\train\African\af_tr336.jpg,0
F:\PythonProject\深度学习实践\resnet\data\train\Asian\as_tr262.jpg,1
F:\PythonProject\深度学习实践\resnet\data\train\Asian\as_tr210.jpg,1
F:\PythonProject\深度学习实践\resnet\data\train\Asian\as_tr359.jpg,1
F:\PythonProject\深度学习实践\resnet\data\train\African\af_tr273.jpg,0
F:\PythonProject\深度学习实践\resnet\data\train\African\af_tr200.jpg,0
F:\PythonProject\深度学习实践\resnet\data\train\Asian\as_tr81.jpg,1
F:\PythonProject\深度学习实践\resnet\data\train\African\af_tr208.jpg,0
F:\PythonProject\深度学习实践\resnet\data\train\African\af_tr188.jpg,0
F:\PythonProject\深度学习实践\resnet\data\train\African\af_tr150.jpg,0
F:\PythonProject\深度学习实践\resnet\data\train\Asian\as_tr281.jpg,1
F:\PythonProject\深度学习实践\resnet\data\train\Asian\as_tr367.jpg,1
F:\PythonProject\深度学习实践\resnet\data\train\Asian\as_tr30.jpg,1
F:\PythonProject\深度学习实践\resnet\data\train\African\af_tr255.jpg,0
F:\PythonProject\深度学习实践\resnet\data\train\African\af_tr97.jpg,0
F:\PythonProject\深度学习实践\resnet\data\train\Asian\as_tr131.jpg,1
F:\PythonProject\深度学习实践\resnet\data\train\Asian\as_tr179.jpg,1
F:\PythonProject\深度学习实践\resnet\data\train\Asian\as_tr337.jpg,1
F:\PythonProject\深度学习实践\resnet\data\train\Asian\as_tr186.jpg,1
F:\PythonProject\深度学习实践\resnet\data\train\Asian\as_tr83.jpg,1
F:\PythonProject\深度学习实践\resnet\data\train\African\af_tr352.jpg,0
F:\PythonProject\深度学习实践\resnet\data\train\African\af_tr261.jpg,0
F:\PythonProject\深度学习实践\resnet\data\train\Asian\as_tr103.jpg,1
F:\PythonProject\深度学习实践\resnet\data\train\African\af_tr398.jpg,0
F:\PythonProject\深度学习实践\resnet\data\train\Asian\as_tr311.jpg,1
F:\PythonProject\深度学习实践\resnet\data\train\Asian\as_tr154.jpg,1
F:\PythonProject\深度学习实践\resnet\data\train\Asian\as_tr48.jpg,1
F:\PythonProject\深度学习实践\resnet\data\train\African\af_tr412.jpg,0
F:\PythonProject\深度学习实践\resnet\data\train\African\af_tr248.jpg,0
F:\PythonProject\深度学习实践\resnet\data\train\Asian\as_tr43.jpg,1
F:\PythonProject\深度学习实践\resnet\data\train\African\af_tr49.jpg,0
F:\PythonProject\深度学习实践\resnet\data\train\Asian\as_tr1.jpg,1
F:\PythonProject\深度学习实践\resnet\data\train\Asian\as_tr194.jpg,1
F:\PythonProject\深度学习实践\resnet\data\train\Asian\as_tr400.jpg,1
F:\PythonProject\深度学习实践\resnet\data\train\Asian\as_tr166.jpg,1
F:\PythonProject\深度学习实践\resnet\data\train\Asian\as_tr374.jpg,1
F:\PythonProject\深度学习实践\resnet\data\train\African\af_tr403.jpg,0
F:\PythonProject\深度学习实践\resnet\data\train\Asian\as_tr47.jpg,1
F:\PythonProject\深度学习实践\resnet\data\train\African\af_tr161.jpg,0
F:\PythonProject\深度学习实践\resnet\data\train\African\af_tr175.jpg,0
F:\PythonProject\深度学习实践\resnet\data\train\Asian\as_tr325.jpg,1
F:\PythonProject\深度学习实践\resnet\data\train\Asian\as_tr231.jpg,1
F:\PythonProject\深度学习实践\resnet\data\train\Asian\as_tr99.jpg,1
F:\PythonProject\深度学习实践\resnet\data\train\Asian\as_tr127.jpg,1
F:\PythonProject\深度学习实践\resnet\data\train\Asian\as_tr286.jpg,1
F:\PythonProject\深度学习实践\resnet\data\train\African\af_tr148.jpg,0
F:\PythonProject\深度学习实践\resnet\data\train\African\af_tr130.jpg,0
F:\PythonProject\深度学习实践\resnet\data\train\African\af_tr315.jpg,0
F:\PythonProject\深度学习实践\resnet\data\train\Asian\as_tr175.jpg,1
F:\PythonProject\深度学习实践\resnet\data\train\African\af_tr10.jpg,0
F:\PythonProject\深度学习实践\resnet\data\train\Asian\as_tr254.jpg,1
F:\PythonProject\深度学习实践\resnet\data\train\Asian\as_tr303.jpg,1
F:\PythonProject\深度学习实践\resnet\data\train\Asian\as_tr173.jpg,1
F:\PythonProject\深度学习实践\resnet\data\train\African\af_tr20.jpg,0
F:\PythonProject\深度学习实践\resnet\data\train\Asian\as_tr80.jpg,1
F:\PythonProject\深度学习实践\resnet\data\train\African\af_tr87.jpg,0
F:\PythonProject\深度学习实践\resnet\data\train\African\af_tr2.jpg,0
F:\PythonProject\深度学习实践\resnet\data\train\African\af_tr195.jpg,0
F:\PythonProject\深度学习实践\resnet\data\train\Asian\as_tr416.jpg,1
F:\PythonProject\深度学习实践\resnet\data\train\African\af_tr30.jpg,0
F:\PythonProject\深度学习实践\resnet\data\train\Asian\as_tr13.jpg,1
F:\PythonProject\深度学习实践\resnet\data\train\African\af_tr171.jpg,0
F:\PythonProject\深度学习实践\resnet\data\train\African\af_tr172.jpg,0
F:\PythonProject\深度学习实践\resnet\data\train\Asian\as_tr396.jpg,1
F:\PythonProject\深度学习实践\resnet\data\train\African\af_tr245.jpg,0
F:\PythonProject\深度学习实践\resnet\data\train\African\af_tr38.jpg,0
F:\PythonProject\深度学习实践\resnet\data\train\African\af_tr64.jpg,0
F:\PythonProject\深度学习实践\resnet\data\train\Asian\as_tr122.jpg,1
F:\PythonProject\深度学习实践\resnet\data\train\African\af_tr83.jpg,0
F:\PythonProject\深度学习实践\resnet\data\train\African\af_tr372.jpg,0
F:\PythonProject\深度学习实践\resnet\data\train\African\af_tr312.jpg,0
F:\PythonProject\深度学习实践\resnet\data\train\Asian\as_tr145.jpg,1
F:\PythonProject\深度学习实践\resnet\data\train\Asian\as_tr409.jpg,1
F:\PythonProject\深度学习实践\resnet\data\train\African\af_tr287.jpg,0
F:\PythonProject\深度学习实践\resnet\data\train\African\af_tr134.jpg,0
F:\PythonProject\深度学习实践\resnet\data\train\Asian\as_tr192.jpg,1
F:\PythonProject\深度学习实践\resnet\data\train\African\af_tr109.jpg,0
F:\PythonProject\深度学习实践\resnet\data\train\African\af_tr138.jpg,0
F:\PythonProject\深度学习实践\resnet\data\train\African\af_tr147.jpg,0
F:\PythonProject\深度学习实践\resnet\data\train\Asian\as_tr361.jpg,1
F:\PythonProject\深度学习实践\resnet\data\train\African\af_tr227.jpg,0
F:\PythonProject\深度学习实践\resnet\data\train\African\af_tr1.jpg,0
F:\PythonProject\深度学习实践\resnet\data\train\African\af_tr185.jpg,0
F:\PythonProject\深度学习实践\resnet\data\train\African\af_tr77.jpg,0
F:\PythonProject\深度学习实践\resnet\data\train\African\af_tr379.jpg,0
F:\PythonProject\深度学习实践\resnet\data\train\African\af_tr22.jpg,0
F:\PythonProject\深度学习实践\resnet\data\train\Asian\as_tr321.jpg,1
F:\PythonProject\深度学习实践\resnet\data\train\African\af_tr344.jpg,0
F:\PythonProject\深度学习实践\resnet\data\train\African\af_tr332.jpg,0
F:\PythonProject\深度学习实践\resnet\data\train\Asian\as_tr318.jpg,1
F:\PythonProject\深度学习实践\resnet\data\train\Asian\as_tr204.jpg,1
F:\PythonProject\深度学习实践\resnet\data\train\Asian\as_tr44.jpg,1
F:\PythonProject\深度学习实践\resnet\data\train\African\af_tr84.jpg,0
F:\PythonProject\深度学习实践\resnet\data\train\African\af_tr186.jpg,0
F:\PythonProject\深度学习实践\resnet\data\train\Asian\as_tr77.jpg,1
F:\PythonProject\深度学习实践\resnet\data\train\Asian\as_tr2.jpg,1
F:\PythonProject\深度学习实践\resnet\data\train\African\af_tr210.jpg,0
F:\PythonProject\深度学习实践\resnet\data\train\African\af_tr126.jpg,0
F:\PythonProject\深度学习实践\resnet\data\train\African\af_tr221.jpg,0
F:\PythonProject\深度学习实践\resnet\data\train\African\af_tr182.jpg,0
F:\PythonProject\深度学习实践\resnet\data\train\Asian\as_tr53.jpg,1
F:\PythonProject\深度学习实践\resnet\data\train\Asian\as_tr89.jpg,1
F:\PythonProject\深度学习实践\resnet\data\train\African\af_tr60.jpg,0
F:\PythonProject\深度学习实践\resnet\data\train\Asian\as_tr146.jpg,1
F:\PythonProject\深度学习实践\resnet\data\train\Asian\as_tr190.jpg,1
F:\PythonProject\深度学习实践\resnet\data\train\African\af_tr341.jpg,0
F:\PythonProject\深度学习实践\resnet\data\train\Asian\as_tr399.jpg,1
F:\PythonProject\深度学习实践\resnet\data\train\African\af_tr191.jpg,0
F:\PythonProject\深度学习实践\resnet\data\train\African\af_tr350.jpg,0
F:\PythonProject\深度学习实践\resnet\data\train\Asian\as_tr369.jpg,1
F:\PythonProject\深度学习实践\resnet\data\train\African\af_tr168.jpg,0
F:\PythonProject\深度学习实践\resnet\data\train\African\af_tr395.jpg,0
F:\PythonProject\深度学习实践\resnet\data\train\Asian\as_tr263.jpg,1
F:\PythonProject\深度学习实践\resnet\data\train\Asian\as_tr221.jpg,1
F:\PythonProject\深度学习实践\resnet\data\train\African\af_tr418.jpg,0
F:\PythonProject\深度学习实践\resnet\data\train\Asian\as_tr185.jpg,1
F:\PythonProject\深度学习实践\resnet\data\train\African\af_tr51.jpg,0
F:\PythonProject\深度学习实践\resnet\data\train\African\af_tr330.jpg,0
F:\PythonProject\深度学习实践\resnet\data\train\Asian\as_tr383.jpg,1
F:\PythonProject\深度学习实践\resnet\data\train\African\af_tr355.jpg,0
F:\PythonProject\深度学习实践\resnet\data\train\Asian\as_tr196.jpg,1
F:\PythonProject\深度学习实践\resnet\data\train\African\af_tr338.jpg,0
F:\PythonProject\深度学习实践\resnet\data\train\Asian\as_tr117.jpg,1
F:\PythonProject\深度学习实践\resnet\data\train\Asian\as_tr7.jpg,1
F:\PythonProject\深度学习实践\resnet\data\train\Asian\as_tr414.jpg,1
F:\PythonProject\深度学习实践\resnet\data\train\African\af_tr241.jpg,0
F:\PythonProject\深度学习实践\resnet\data\train\African\af_tr55.jpg,0
F:\PythonProject\深度学习实践\resnet\data\train\Asian\as_tr167.jpg,1
F:\PythonProject\深度学习实践\resnet\data\train\Asian\as_tr284.jpg,1
F:\PythonProject\深度学习实践\resnet\data\train\Asian\as_tr320.jpg,1
F:\PythonProject\深度学习实践\resnet\data\train\African\af_tr58.jpg,0
F:\PythonProject\深度学习实践\resnet\data\train\Asian\as_tr159.jpg,1
F:\PythonProject\深度学习实践\resnet\data\train\Asian\as_tr46.jpg,1
F:\PythonProject\深度学习实践\resnet\data\train\Asian\as_tr272.jpg,1
F:\PythonProject\深度学习实践\resnet\data\train\Asian\as_tr38.jpg,1
F:\PythonProject\深度学习实践\resnet\data\train\Asian\as_tr375.jpg,1
F:\PythonProject\深度学习实践\resnet\data\train\African\af_tr359.jpg,0
F:\PythonProject\深度学习实践\resnet\data\train\Asian\as_tr31.jpg,1
F:\PythonProject\深度学习实践\resnet\data\train\Asian\as_tr102.jpg,1
F:\PythonProject\深度学习实践\resnet\data\train\African\af_tr391.jpg,0
F:\PythonProject\深度学习实践\resnet\data\train\African\af_tr177.jpg,0
F:\PythonProject\深度学习实践\resnet\data\train\African\af_tr343.jpg,0
F:\PythonProject\深度学习实践\resnet\data\train\African\af_tr292.jpg,0
F:\PythonProject\深度学习实践\resnet\data\train\African\af_tr66.jpg,0
F:\PythonProject\深度学习实践\resnet\data\train\African\af_tr405.jpg,0
F:\PythonProject\深度学习实践\resnet\data\train\African\af_tr249.jpg,0
F:\PythonProject\深度学习实践\resnet\data\train\African\af_tr153.jpg,0
F:\PythonProject\深度学习实践\resnet\data\train\African\af_tr385.jpg,0
F:\PythonProject\深度学习实践\resnet\data\train\African\af_tr13.jpg,0
F:\PythonProject\深度学习实践\resnet\data\train\Asian\as_tr401.jpg,1
F:\PythonProject\深度学习实践\resnet\data\train\Asian\as_tr107.jpg,1
F:\PythonProject\深度学习实践\resnet\data\train\Asian\as_tr203.jpg,1
F:\PythonProject\深度学习实践\resnet\data\train\Asian\as_tr317.jpg,1
F:\PythonProject\深度学习实践\resnet\data\train\African\af_tr6.jpg,0
F:\PythonProject\深度学习实践\resnet\data\train\Asian\as_tr171.jpg,1
F:\PythonProject\深度学习实践\resnet\data\train\African\af_tr280.jpg,0
F:\PythonProject\深度学习实践\resnet\data\train\Asian\as_tr338.jpg,1
F:\PythonProject\深度学习实践\resnet\data\train\African\af_tr270.jpg,0
F:\PythonProject\深度学习实践\resnet\data\train\Asian\as_tr87.jpg,1
F:\PythonProject\深度学习实践\resnet\data\train\Asian\as_tr11.jpg,1
F:\PythonProject\深度学习实践\resnet\data\train\Asian\as_tr305.jpg,1
F:\PythonProject\深度学习实践\resnet\data\train\Asian\as_tr21.jpg,1
F:\PythonProject\深度学习实践\resnet\data\train\African\af_tr230.jpg,0
F:\PythonProject\深度学习实践\resnet\data\train\Asian\as_tr142.jpg,1
F:\PythonProject\深度学习实践\resnet\data\train\Asian\as_tr256.jpg,1
F:\PythonProject\深度学习实践\resnet\data\train\Asian\as_tr195.jpg,1
F:\PythonProject\深度学习实践\resnet\data\train\African\af_tr222.jpg,0
F:\PythonProject\深度学习实践\resnet\data\train\Asian\as_tr300.jpg,1
F:\PythonProject\深度学习实践\resnet\data\train\African\af_tr370.jpg,0
F:\PythonProject\深度学习实践\resnet\data\train\African\af_tr127.jpg,0
F:\PythonProject\深度学习实践\resnet\data\train\African\af_tr155.jpg,0
